{
  "accuracy": 0.9852,
  "precision": 0.9832330180567498,
  "recall": 0.9849267872523686,
  "f1_score": 0.98407917383821,
  "confusion_matrix": {
    "TN": 5278,
    "FP": 78,
    "FN": 70,
    "TP": 4574
  }
}